id,customer,location,total,currency,created_on,created_by
1,Twitterwire,Dar Chabanne,12,TND,2023-07-28,Gérald
2002,Zoomcast,Baishi,77,CNY,2022-12-29,Torbjörn
3,Twimm,Centro Habana,65,CUP,2023-05-10,Sélène
4,Devpulse,Vodstroy,46,RUB,2023-08-24,Médiamass
5,Yamia,Krajansumbermujur,74,IDR,2023-02-10,Valérie
6,Nlounge,Xinglongquan,12,CNY,2023-07-14,Marie-thérèse
7,Demimbu,Hadapu Zhen,62,CNY,2023-08-23,Fèi
8,Flashset,Novi Sad,88,RSD,2023-01-08,Cléa
9,Flashspan,Ajman,93,AED,2023-09-26,Mélanie
10,Trudeo,Heku,81,CNY,2023-01-22,Audréanne
11,Shufflester,Rū-ye Sang,87,AFN,2023-10-17,Lóng
12,Rhybox,San Cristóbal,59,DOP,2023-06-16,Pò
13,Thoughtblab,Wutan,31,CNY,2023-03-20,Yáo
14,Topicblab,Arraial do Cabo,50,BRL,2023-07-03,Méghane
15,Realmix,Tetaf,43,IDR,2022-12-13,Jú
16,Blogspan,Texíguat,83,HNL,2023-07-27,Lorène
17,Browseblab,Viana do Castelo,12,EUR,2023-01-02,Anaïs
18,Skimia,Stoczek Łukowski,86,PLN,2023-01-10,Maëly
19,Youopia,Grivenskaya,42,RUB,2023-02-03,Clémentine
20,Flashset,Presidente Prudente,79,BRL,2022-12-20,Thérèsa
21,Babbleblab,Guadalupe,95,CRC,2023-04-28,Aloïs
22,Skidoo,Fujinomiya,58,JPY,2023-05-13,Réjane
23,Eare,Siemiechów,5,PLN,2023-02-13,Réservés
24,Skidoo,Itaperuna,64,BRL,2023-07-05,Åslög
25,Gevee,Stamboliyski,90,BGN,2023-07-21,Laurène
26,Skalith,Johnson City,86,USD,2023-01-07,Cunégonde
27,Plambee,Ccatca,26,PEN,2023-04-26,Yáo
28,Devcast,Maumere,46,IDR,2023-05-31,Cunégonde
29,Einti,Vista Hermosa,27,MXN,2023-01-19,Anaëlle
30,Meemm,Kuroishi,86,JPY,2023-08-30,Adélie
31,Dablist,Krajan Karanganyar,93,IDR,2023-05-04,Jú
32,Oyoba,Carpenter,1,PHP,2023-07-22,Stévina
33,Mynte,Balekersukamaju,84,IDR,2022-12-20,Göran
34,Tambee,Pugeran,37,IDR,2023-08-30,Eugénie
35,Gabspot,Monteiro,100,BRL,2023-11-29,Clémence
36,Skyndu,Guyam Malaki,39,PHP,2023-05-24,Edmée
37,Feedmix,Sabirabad,78,AZN,2023-03-16,Aí
38,Tagtune,Yotsukaidō,37,JPY,2023-04-05,Régine
39,Mycat,Det Udom,79,THB,2023-07-02,Maëlann
40,Meezzy,Zhuangbu,89,CNY,2023-10-17,Maï
41,Mynte,Medina Estates,41,GHS,2023-10-13,Léone
42,Wikibox,Novokuybyshevsk,22,RUB,2023-03-17,Clélia
43,Feedbug,Ngedhusuba,46,IDR,2023-09-26,Mélina
44,Skiptube,Barra do Bugres,57,BRL,2022-12-31,Pélagie
45,Ntags,Ampara,9,LKR,2023-01-22,Ruì
46,Livetube,Dong’an,6,CNY,2023-11-15,Marie-josée
47,Flipstorm,Nanfeng,16,CNY,2023-03-11,Ruì
48,Roodel,Liutang,39,CNY,2023-05-24,Intéressant
49,Thoughtbridge,San Miguel de Tucumán,85,ARS,2023-11-14,Séréna
50,Mycat,Umpak,45,IDR,2023-05-08,Danièle
51,Fadeo,Sotíra,55,EUR,2023-08-07,Bénédicte
52,Meemm,Ciseureuheun,35,IDR,2022-12-09,Naéva
53,Mymm,Imsil,92,KRW,2023-04-03,Lyséa
54,Leexo,Hendala,33,LKR,2023-01-20,Bérangère
55,Yacero,Kuliyapitiya,59,LKR,2023-04-17,Vérane
56,Photobug,Akita Shi,22,JPY,2022-12-26,Gaëlle
57,Viva,Norrtälje,5,SEK,2023-03-20,Måns
58,Twitterbridge,Yangqing,13,CNY,2023-05-20,Zhì
59,Wordware,Tanlin,46,CNY,2023-03-03,Cécilia
60,Avamba,Magnitogorsk,40,RUB,2023-01-13,Gaïa
61,Oyope,Kolonowskie,24,PLN,2023-04-21,Agnès
62,Wordify,Prado,89,EUR,2023-11-11,Marie-josée
63,Wikizz,Maracha,8,UGX,2023-01-26,Kallisté
64,Jaxworks,Chełmiec,77,PLN,2022-12-10,Vérane
65,Photobug,Dangjiaxian,78,CNY,2023-03-14,Lén
66,Dablist,New York City,54,USD,2023-03-24,Méryl
67,Rhyzio,Little Baguio,63,PHP,2022-12-18,Lóng
68,Edgewire,Youxi Chengguanzhen,31,CNY,2023-06-29,Marie-hélène
69,Shufflester,Emiliano Zapata,35,MXN,2023-07-15,Maëlla
70,Oloo,Zhouling,44,CNY,2023-10-14,Mylène
71,Janyx,Bouças,36,EUR,2023-01-23,Esbjörn
72,Browsezoom,Coris,99,PEN,2023-07-31,Lorène
73,Chatterbridge,Huayuan,63,CNY,2023-11-30,Kévina
74,Voonte,Zhongxian,1,CNY,2023-03-03,Publicité
75,Meevee,Rumbek,10,SSP,2023-04-19,Agnès
76,Devify,Gort,38,EUR,2023-05-24,Léone
77,Roodel,Buliok,7,PHP,2023-07-11,Sélène
78,Voomm,Dayuan,33,CNY,2023-07-27,Mélinda
79,Photolist,Huangtan,29,CNY,2023-07-21,Lucrèce
80,Demivee,Barra Velha,13,BRL,2022-12-04,Mylène
81,Fadeo,Mojorejo,49,IDR,2023-10-22,Desirée
82,Innojam,Opoczno,68,PLN,2023-11-04,Yè
83,Youspan,Kidodi,94,TZS,2023-08-21,Maëlla
84,Zoomzone,Peruc,77,CZK,2023-01-18,Mélodie
85,Tagopia,Sidenreng,41,IDR,2023-05-23,Gaétane
86,Mynte,Sélestat,77,EUR,2023-06-24,Lauréna
87,Meedoo,Diadema,94,BRL,2023-09-28,Solène
88,Quatz,Kota Bharu,28,MYR,2023-08-13,Håkan
89,Babbleset,Kangmei,8,CNY,2023-09-21,Ophélie
90,Skipstorm,Ribeirão das Neves,70,BRL,2023-04-11,Wá
91,Flashdog,Rivadavia,97,ARS,2023-11-03,Estée
92,Twiyo,Irkliyevskaya,11,RUB,2023-09-03,Régine
93,Dynazzy,El Charco,13,COP,2023-05-07,Mà
94,Livepath,Parabcan,14,PHP,2023-05-22,Géraldine
95,Tazz,Trail,42,CAD,2023-02-22,Renée
96,Bluejam,Thạnh Mỹ,78,VND,2023-03-19,Séréna
97,Realbridge,Liaobu,9,CNY,2023-04-04,Anaëlle
98,Yodel,Pingyang,59,CNY,2023-11-14,Märta
99,Twinder,Hatogaya-honchō,93,JPY,2022-12-17,Clémentine
100,Aivee,Morales,53,GTQ,2023-07-20,Lài
101,Skipstorm,Batibati,39,IDR,2023-07-16,Angèle
102,Tagtune,Pandat,4,IDR,2023-02-01,Néhémie
103,Viva,Ise,30,JPY,2023-02-15,Audréanne
104,Podcat,Pavlogradka,77,RUB,2023-02-10,Estée
105,InnoZ,Jidong,15,CNY,2023-04-03,Pélagie
106,Buzzster,Jinglou,42,CNY,2023-12-02,Séverine
107,Jabberbean,Kunyang,69,CNY,2023-06-05,Anaëlle
108,Skipfire,Pont-à-Mousson,17,EUR,2023-10-07,Mylène
109,Geba,Dolod,75,CNY,2023-04-27,Véronique
110,Janyx,Lilla Edet,61,SEK,2023-10-07,Camélia
111,Yoveo,Hořice,22,CZK,2023-05-13,Sélène
112,Yombu,Boulsa,11,XOF,2023-12-02,Estève
113,Dazzlesphere,Gospić,82,HRK,2023-08-03,Clémentine
114,Buzzshare,Gucheng,53,CNY,2023-10-11,Ruò
115,Realfire,Tula,76,RUB,2023-02-11,Léa
116,Flashdog,Thành phố Bạc Liêu,98,VND,2023-09-04,Ophélie
117,Yodo,Barinitas,64,VEF,2023-03-15,Célia
118,Voonte,Rzhev,1,RUB,2023-07-19,Bérangère
119,Livetube,Spånga,55,SEK,2023-02-02,Nuó
120,Flashpoint,Loo,82,EUR,2023-08-30,Salomé
121,Twitterbeat,Jacarezinho,45,BRL,2023-04-02,Mélissandre
122,Meejo,Mitake,8,JPY,2023-05-25,Anaïs
123,Browsetype,Quesada,44,CRC,2023-12-02,Michèle
124,Cogilith,Kuala Lumpur,29,MYR,2023-04-03,Renée
125,Brainlounge,Pueblo Nuevo Viñas,36,GTQ,2023-11-16,Intéressant
126,Vitz,Kharagauli,7,GEL,2023-03-03,Maëlys
127,Trilith,Luleå,4,SEK,2023-07-19,Mélia
128,Fivebridge,Fangshan,35,CNY,2023-03-12,Edmée
129,Quinu,Varazqān,44,IRR,2023-10-28,Marlène
130,Kwimbee,Paloh,16,IDR,2023-02-21,Táng
131,Jayo,Novokhovrino,2,RUB,2023-02-20,Loïca
132,Voonte,Shahezi,60,CNY,2023-04-17,Måns
133,Quaxo,Santa Cruz,6,USD,2023-04-13,Östen
134,Kwilith,Ciilat,58,IDR,2022-12-07,Märta
135,Plambee,Cheonan,1,KRW,2023-12-03,Nélie
136,Tagopia,Sungai Raya,6,IDR,2023-05-14,Anaël
137,Kaymbo,Feričanci,14,HRK,2023-11-21,Céline
138,Dabjam,Täby,64,SEK,2023-07-30,Eugénie
139,Twimbo,Sanyantang,64,CNY,2023-05-21,Håkan
140,Shuffletag,La Estrella,2,COP,2023-07-02,Adélie
141,Eadel,Shiwan,25,CNY,2023-02-10,Åslög
142,Mybuzz,Marsaxlokk,67,EUR,2023-07-20,Miléna
143,Zoomcast,Gaohu,16,CNY,2023-09-30,Thérèse
144,DabZ,Margaharja,55,IDR,2023-08-10,Estève
145,Gabcube,Diancun,43,CNY,2023-09-18,Félicie
146,Skipfire,Hwangju-ŭp,86,KPW,2022-12-21,Solène
147,Quamba,Yanglinshi,48,CNY,2023-02-10,Méng
148,Ntags,Gutang,5,CNY,2023-03-05,Clémentine
149,InnoZ,Brinkmann,100,ARS,2023-07-17,Ruò
150,Mita,Shancheng,32,CNY,2023-04-21,Dafnée
151,Photobean,Giraldo,70,COP,2023-01-26,Miléna
152,Rhynoodle,Paris 07,85,EUR,2023-06-07,Maëlla
153,Chatterpoint,Flandes,8,COP,2023-07-07,Wá
154,Shuffledrive,Nova Kakhovka,71,UAH,2023-11-01,Salomé
155,Trudoo,Bayonne,31,EUR,2023-10-13,Hélène
156,Voomm,Sutton,56,CAD,2023-07-20,Méryl
157,Feedspan,Jardia,3,EUR,2023-01-13,Táng
158,Wordware,Xinrong,31,CNY,2023-07-09,Aimée
159,Snaptags,Újezd,34,CZK,2023-05-16,Mégane
160,Edgeify,Dongfeng,32,CNY,2023-04-22,Daphnée
161,Brainbox,Tours,18,EUR,2023-09-10,Mélina
162,Kazu,Formiga,46,BRL,2023-10-04,Géraldine
163,Wordify,Torbay,46,CAD,2023-01-28,Nélie
164,Quaxo,Quixeramobim,74,BRL,2023-02-14,Cinéma
165,Tagchat,Velyka Lepetykha,95,UAH,2023-11-25,Dà
166,Wikizz,Zhenjiang,68,CNY,2023-03-24,Laurène
167,Zoomcast,Fangjun,63,CNY,2023-03-04,Léana
168,Mycat,Kishk-e Nakhūd,67,AFN,2023-06-18,Personnalisée
169,Aimbu,Rennes,87,EUR,2023-10-14,Judicaël
170,Eire,Dióni,49,EUR,2023-11-10,Tú
171,Shuffletag,Mambalan,85,IDR,2023-03-12,Pò
172,Jayo,Al Qanāţir al Khayrīyah,67,EGP,2023-06-06,Lucrèce
173,Voomm,Razumnoye,95,RUB,2023-09-08,Jú
174,Bluejam,Неготино,28,MKD,2023-04-15,Östen
175,Edgetag,Södertälje,48,SEK,2023-07-03,Bérengère
176,Skiba,Yulin,34,CNY,2023-02-22,Loïc
177,Mynte,Banaybanay,51,PHP,2023-09-03,Måns
178,Yozio,San Antonio,68,PHP,2023-08-29,Maïté
179,Wikizz,Sernovodsk,4,RUB,2023-07-09,Wá
180,Livetube,Barra dos Coqueiros,33,BRL,2022-12-04,Méryl
181,Brainsphere,Cholpon-Ata,67,KGS,2023-06-30,Gisèle
182,Thoughtworks,Ejido,95,VEF,2023-08-14,Daphnée
183,Tekfly,Pader Palwo,23,UGX,2023-08-27,Mélodie
184,Fanoodle,Hetang,79,CNY,2023-03-01,Anaé
185,Tagpad,Zolotyy Potik,3,UAH,2023-10-28,Aurélie
186,Mydeo,North Shore,91,NZD,2023-02-24,Marie-hélène
187,Quamba,Garça,68,BRL,2022-12-23,Léandre
188,Blognation,Shizukuishi,88,JPY,2023-11-01,Géraldine
189,Yodo,Wasquehal,61,EUR,2023-06-04,Mélissandre
190,Pixoboo,Asempapak,51,IDR,2023-10-21,Ophélie
191,Fadeo,Notre-Dame-de-l'Île-Perrot,11,CAD,2023-06-21,Esbjörn
192,Jaxworks,Casal,34,EUR,2023-05-15,Anaël
193,Vimbo,Itaquyry,28,PYG,2022-12-16,Bérangère
194,Twimm,Sovetskaya,90,RUB,2023-03-25,Bérénice
195,Digitube,Sansheng,26,CNY,2023-08-25,Nadège
196,Jaxnation,Libertador General San Martín,39,ARS,2023-09-28,Miléna
197,Centidel,Kavār,53,IRR,2023-01-28,Léa
198,Fivechat,Cournon-d'Auvergne,15,EUR,2023-02-06,Yénora
199,Twitterworks,Pingfeng,44,CNY,2023-08-10,Börje
200,Realfire,Jiangbei,24,CNY,2023-04-28,Maïté
201,Fatz,Baroh,69,IDR,2023-10-21,Kuí
202,Jabberstorm,Knjazevac,95,RSD,2023-10-04,Ráo
203,Babbleopia,Nanqi,77,CNY,2023-09-03,Örjan
204,Edgeblab,Dananshan,55,CNY,2023-09-05,Naëlle
205,Mydo,Guling,100,CNY,2023-03-06,Pò
206,Shufflester,Bucay,95,PHP,2023-06-20,Ruò
207,Thoughtworks,Hetai,71,CNY,2022-12-27,Wá
208,Realbuzz,Chervyen’,89,BYR,2022-12-17,Clémence
209,Yodo,Alofi,2,NZD,2022-12-29,Laurélie
210,Realmix,Changhe,65,CNY,2022-12-26,Liè
211,Photolist,Ajdabiya,11,LYD,2023-05-16,Pélagie
212,Wikivu,El Porvenir,80,MXN,2023-08-09,Régine
213,Vidoo,Berlin,73,EUR,2023-05-11,Dù
214,Lajo,Tim,99,RUB,2023-10-05,Loïca
215,Wikivu,Fiais da Beira,8,EUR,2023-06-19,Solène
216,Buzzster,Canggou,42,CNY,2023-01-10,Håkan
217,BlogXS,Doumé,38,XAF,2022-12-30,Célia
218,Meetz,Ledeunu,67,IDR,2023-09-12,Pénélope
219,Thoughtbridge,Järfälla,79,SEK,2023-10-01,Märta
220,Skyble,Rossosh’,93,RUB,2023-05-08,Clémence
221,Gabvine,As Sukhnah,73,SYP,2023-03-04,Nadège
222,Demizz,Saint-Sauveur,2,CAD,2023-08-09,Maëly
223,Demizz,Xinó Neró,35,EUR,2023-02-17,Méryl
224,Bubbletube,Santa Lucía,26,COP,2023-03-06,Agnès
225,Leenti,Tonjongsari,87,IDR,2022-12-19,Loïs
226,Pixope,Ouyang,52,CNY,2023-03-01,Esbjörn
227,Skyvu,Rybatskoye,88,RUB,2023-03-02,Lucrèce
228,Jayo,Żarnów,64,PLN,2023-02-22,Gwenaëlle
229,Divavu,Chrząstowice,43,PLN,2023-05-25,Gaétane
230,Eire,Haruman,74,IDR,2023-03-28,Göran
231,Lajo,Madona,14,EUR,2023-11-14,Océanne
232,Skyvu,Staryy Oskol,7,RUB,2023-08-07,Tú
233,Wikizz,Heping,29,CNY,2023-04-23,Léana
234,Kwinu,Semanding,40,IDR,2023-10-07,Réservés
235,Oozz,Pāvilosta,73,EUR,2023-05-09,Göran
236,Wikizz,Zábřeh,68,CZK,2023-04-05,Océane
237,Topiclounge,Paraguaçu,18,BRL,2023-03-21,Ruì
238,Oodoo,Ōhara,97,JPY,2023-01-20,Athéna
239,Yodel,Shifan,56,CNY,2023-02-02,Eléonore
240,Kayveo,Misasi,59,TZS,2022-12-31,Gisèle
241,Browsetype,Manchester,51,GBP,2023-06-11,Noëlla
242,Devpulse,Białobrzegi,7,PLN,2022-12-17,Mélia
243,Yata,Gabahan,38,IDR,2023-11-11,Táng
244,Meejo,Tieshan,67,CNY,2023-06-11,Cinéma
245,Zoombeat,Gaoling,75,CNY,2023-09-11,Estève
246,Leenti,Mar’’ina Horka,72,BYR,2023-11-22,Lèi
247,Yombu,Không,31,LAK,2023-07-06,Maëlle
248,Topicshots,Riang Tengah,16,IDR,2023-11-26,Thérèse
249,Wordware,Hongsipu,53,CNY,2023-11-23,Ophélie
250,Babblestorm,Chilecito,44,ARS,2022-12-23,Eugénie
251,Twiyo,Nihaona,32,IDR,2023-08-20,Réservés
252,Wikizz,Banjar Penyalin,47,IDR,2023-07-29,Sélène
253,Zoovu,Khairpur Nathan Shāh,73,PKR,2023-10-01,Mén
254,Oyoloo,Bendan,83,IDR,2023-06-11,Eloïse
255,Rhynoodle,Ekibastuz,34,KZT,2023-09-06,Andréa
256,Voonte,Sukoanyar,56,IDR,2023-03-29,Geneviève
257,Divavu,Žďár,86,CZK,2023-08-15,Océane
258,Yodoo,Montaneza,79,PHP,2023-07-15,Vérane
259,Npath,Gaimán,25,ARS,2023-08-31,Pål
260,Vimbo,Dzhayrakh,72,RUB,2023-09-27,Vérane
261,Avamm,Boussé,52,XOF,2023-03-27,Noëlla
262,Jayo,Raposos,47,BRL,2023-04-23,Táng
263,Vipe,Uherský Ostroh,63,CZK,2023-02-19,Örjan
264,Leenti,Damnoen Saduak,11,THB,2023-04-21,Almérinda
265,Kazio,Nazarje,97,EUR,2023-05-06,Marie-ève
266,Yodo,Dokuchayevs’k,32,UAH,2023-11-28,Gaïa
267,Riffpath,Minji,21,CNY,2023-11-17,Zoé
268,Jaxspan,Iwierzyce,16,PLN,2023-06-13,Célestine
269,Zoonoodle,Priiskovyy,17,RUB,2023-02-04,Mà
270,Quimba,Resapombo,25,IDR,2023-11-20,Loïca
271,Shufflester,Rama,69,NIO,2023-11-14,Åslög
272,Minyx,Gimry,70,RUB,2023-08-13,Gisèle
273,Nlounge,Cibaregbeg,91,IDR,2023-02-04,Lài
274,Thoughtmix,Shuakhevi,74,GEL,2023-08-11,Célia
275,Muxo,Kakanj,9,BAM,2023-01-20,Maëlyss
276,Trilia,Obonoma,10,NGN,2023-12-03,Lóng
277,Skyba,Kudang,100,IDR,2023-02-11,Gaëlle
278,Centidel,Tierra Blanca,16,MXN,2023-10-30,Marie-josée
279,Agivu,Bishan,83,CNY,2023-09-08,Loïs
280,Centidel,Hoima,80,UGX,2023-03-12,Véronique
281,Jamia,Pansoy,10,PHP,2023-02-15,Björn
282,Realcube,Zhaowu,59,CNY,2023-07-04,Yóu
283,Babbleblab,Putinci,72,RSD,2022-12-20,Loïc
284,Gigaclub,Kuzhuping,51,CNY,2023-02-09,Cinéma
285,Lajo,Wudui,50,CNY,2022-12-16,Maëlle
286,Yata,Baoquan,99,CNY,2023-10-07,Eugénie
287,Vinder,Madamba,63,PHP,2023-07-10,Adélaïde
288,Wordpedia,Saint Louis,46,USD,2022-12-06,Camélia
289,Rhybox,Khodasy,49,BYR,2023-04-06,Méng
290,Skimia,Farap,38,TMT,2023-04-20,Méline
291,Myworks,Jinhe,52,CNY,2023-07-10,Nélie
292,Riffpedia,Little Baguio,73,PHP,2022-12-08,Maïwenn
293,Buzzbean,Onzaga,29,COP,2023-09-17,Håkan
294,Mudo,Besole,79,IDR,2023-04-01,Adèle
295,Youspan,Shangqiu,60,CNY,2023-07-23,Gérald
296,Dabfeed,Asykata,47,KZT,2023-06-04,Wá
297,Trunyx,Tumcon Ilawod,64,PHP,2023-12-02,Liè
298,Demizz,Pangkajene,54,IDR,2023-01-11,Mårten
299,Minyx,Psebay,75,RUB,2023-09-27,Tán
300,Fivebridge,Ansan-si,20,KRW,2023-11-17,Andréanne
301,Cogibox,Sarana,58,RUB,2022-12-28,Bécassine
302,Innotype,Macapo,48,VEF,2023-09-27,Marlène
303,LiveZ,Buayan,16,PHP,2023-11-01,André
304,Jetwire,Danao,71,PHP,2023-11-11,Bécassine
305,Agimba,Patquía,9,ARS,2023-08-15,Bérangère
306,Skyvu,Gobō,11,JPY,2023-07-03,Lóng
307,Eabox,Kariat Arkmane,96,MAD,2023-03-21,Maï
308,Twitterbridge,Båstad,86,SEK,2023-05-31,Mårten
309,Mycat,Jinzhou,25,CNY,2023-01-13,Börje
310,Tavu,Kayunga,51,UGX,2023-01-31,Sòng
311,Yodoo,Yiyang,13,CNY,2023-08-20,Marylène
312,Yakidoo,Rochester,95,USD,2023-12-03,Adélaïde
313,Trudeo,Yāsūf,5,ILS,2023-11-11,Börje
314,Youopia,Muromtsevo,91,RUB,2023-02-07,Mén
315,Quatz,Heilbronn,23,EUR,2023-06-17,Méghane
316,Photobean,Motygino,63,RUB,2023-02-23,Chloé
317,Twitterbeat,Atengmelang,69,IDR,2023-06-06,Annotée
318,Skimia,Poděbrady,74,CZK,2023-06-05,Clémence
319,Topicblab,Yinzhu,75,CNY,2023-03-17,Méryl
320,Roomm,Suqu,23,CNY,2023-07-05,Pélagie
321,Centidel,Novoishimskiy,65,KZT,2023-09-09,Cinéma
322,Roombo,Pasrūr,26,PKR,2023-04-18,Andréanne
323,Omba,Mattawa,7,CAD,2023-06-06,Mélodie
324,Quamba,Dongdai,42,CNY,2023-08-29,Mélys
325,Tekfly,Komaki,70,JPY,2023-07-09,Ráo
326,Devshare,Sanana,8,IDR,2023-11-11,Maëlann
327,Quire,Mashizhai,52,CNY,2023-02-25,Kuí
328,Mynte,Velikiye Borki,93,UAH,2023-02-12,Adélie
329,Devpoint,Farrokh Shahr,92,IRR,2023-03-06,Régine
330,Tambee,Toulouse,59,EUR,2023-09-01,Ráo
331,Fatz,Baddomalhi,80,PKR,2023-03-05,Ruò
332,Roodel,Laiya,13,PHP,2023-09-22,Geneviève
333,Topicstorm,Zouila,78,TND,2023-04-20,Börje
334,Linkbuzz,Tanjung,36,IDR,2023-10-02,Gérald
335,Shufflester,Phatthaya,52,THB,2023-08-18,Desirée
336,Riffwire,Shuangshi,58,CNY,2023-07-21,Ráo
337,Brainbox,Sihe,34,CNY,2023-09-27,Chloé
338,Jaxspan,San Isidro,77,PHP,2023-07-31,Méng
339,Thoughtstorm,Ros’,93,BYR,2023-06-28,Ophélie
340,Kwinu,Aliuroba,28,IDR,2023-05-07,Maëly
341,Yodo,Alhos Vedros,45,EUR,2023-09-08,Marie-ève
342,Flashset,Tsirang,71,BTN,2023-04-05,Uò
343,Linktype,Timaru,14,NZD,2023-06-08,Maïté
344,Twitterlist,Bohus,21,SEK,2023-10-06,Pò
345,Flipstorm,Sitajara,25,PEN,2023-08-24,Lorène
346,Bubblemix,Skillingaryd,84,SEK,2023-04-01,Maëlle
347,Babbleblab,Orlovo,80,RUB,2023-09-16,Réjane
348,Flipstorm,Florencio Varela,71,ARS,2023-01-09,Ráo
349,Innotype,Maseru,51,LSL,2023-06-03,Stévina
350,Aivee,Chaoyang,30,CNY,2023-05-07,Pélagie
351,Meezzy,Claveria,80,PHP,2023-02-23,Cloé
352,Brainbox,Cihampelas,5,IDR,2023-01-18,Michèle
353,Devshare,Kutum,89,SDG,2023-03-26,Nuó
354,Zoombox,Malaba,55,KES,2023-07-16,Médiamass
355,Twimm,Chashan,93,CNY,2023-05-24,Lèi
356,Gabtune,Kadusirung Hilir,51,IDR,2023-10-03,Maëlla
357,Flashspan,Luleå,51,SEK,2023-11-19,Méline
358,Youfeed,Olivia,88,MUR,2023-03-12,Desirée
359,Vinder,Chunghwa,31,KPW,2023-11-12,Béatrice
360,Katz,Yangzi,14,CNY,2023-08-15,Léa
361,Twitternation,Cataguases,61,BRL,2023-07-11,Léa
362,Eire,Hpa-an,37,MMK,2023-01-01,Pò
363,Eidel,Jamao al Norte,61,DOP,2023-09-28,Anaïs
364,Oyonder,Linxi,71,CNY,2023-04-29,Dù
365,Fivespan,Bejucal,38,CUP,2023-06-07,Nuó
366,Wordpedia,Żabieniec,7,PLN,2023-12-02,Michèle
367,Zooveo,Obeliai,6,LTL,2023-05-19,Solène
368,Agimba,Szczerców,16,PLN,2023-10-14,Yénora
369,Livepath,Xiaopu,38,CNY,2022-12-14,Tán
370,Jaxnation,L'viv,3,UAH,2023-03-12,Alizée
371,Jabberstorm,Jinsheng,83,CNY,2022-12-31,Almérinda
372,Oozz,Matamey,72,XOF,2023-07-07,Bérengère
373,Flashspan,Saldanha,10,ZAR,2023-05-31,Håkan
374,Jabbercube,Ningxin,73,CNY,2023-08-07,Östen
375,Babblestorm,Denov,28,UZS,2023-04-17,Kévina
376,Tagfeed,Xintian,65,CNY,2023-10-27,Annotés
377,Eidel,Borås,31,SEK,2023-01-09,Mélodie
378,Tagpad,Dashtobod,25,UZS,2023-09-01,Faîtes
379,Yotz,Kifrī,36,IQD,2023-06-11,Dorothée
380,Linklinks,Kuchurhan,61,UAH,2022-12-22,Naéva
381,Zoomdog,Santana,100,EUR,2023-01-20,Marie-ève
382,Dynazzy,Valjevo,37,RSD,2023-03-02,Marie-josée
383,Lazzy,Xindai,17,CNY,2023-09-25,Nadège
384,Yata,Hezhi,100,CNY,2023-06-23,Mà
385,Skynoodle,El Paso,73,USD,2023-10-01,Cinéma
386,Tagchat,Balice,43,PLN,2023-05-23,Dorothée
387,Riffwire,Ismailia,84,EGP,2023-09-04,Céline
388,Jabbersphere,Changjiang,77,CNY,2023-07-17,Nélie
389,Abata,Zhuping,13,CNY,2023-11-11,Eloïse
390,Yotz,Lyaskelya,60,RUB,2023-09-19,Simplifiés
391,Katz,Rogóźno,65,PLN,2023-07-31,Eléa
392,Mydo,San Pablo,38,PHP,2023-08-17,Kuí
393,Bluezoom,Wichita,27,USD,2023-07-23,Mahélie
394,Trudoo,Sel’tso,89,RUB,2023-05-14,Marie-thérèse
395,Trilith,Klagen,8,IDR,2023-07-10,Adélie
396,Innojam,Keroak,45,IDR,2023-01-17,Marlène
397,Plambee,Wang Noi,36,THB,2023-03-13,Faîtes
398,Jabbertype,Baihe,21,CNY,2023-07-30,Ruò
399,Meezzy,Uppsala,8,SEK,2022-12-13,Méline
400,Camido,Sherwood Park,80,CAD,2023-04-10,Pénélope
401,Innojam,Shixiang,53,CNY,2023-07-16,Alizée
402,Blogpad,Xiguantun Muguzu Manzuxiang,73,CNY,2023-06-17,Clémentine
403,Realcube,Oslo,69,NOK,2023-09-25,Bécassine
404,Skivee,Rossosh’,65,RUB,2023-03-26,Marie-hélène
405,Oloo,Tayzhina,14,RUB,2023-02-27,Pénélope
406,Devify,San Ignacio de Velasco,91,BOB,2022-12-25,Miléna
407,Brainbox,Kedungcangkring,22,IDR,2023-04-04,Méng
408,Thoughtblab,Passa Quatro,68,BRL,2023-03-07,Dafnée
409,Feedmix,Partizan,39,RUB,2023-11-15,Léa
410,Meembee,Tangchijie,47,CNY,2022-12-05,Eugénie
411,Skiba,Camacupa,52,AOA,2023-09-22,Irène
412,Ailane,Travesía,47,HNL,2023-03-19,Maëly
413,Topdrive,Granja,38,BRL,2023-07-14,Noëlla
414,Quinu,Novovarshavka,45,RUB,2023-03-29,Amélie
415,Jamia,Nguken,5,IDR,2023-05-14,Noëlla
416,Skibox,Mengdadazhuang,32,CNY,2023-05-09,Béatrice
417,Thoughtstorm,Gŭlŭbovo,2,BGN,2023-03-10,Régine
418,Shuffledrive,Bojonghaur,21,IDR,2023-11-27,Laurène
419,Meezzy,Guisser,6,MAD,2022-12-14,Thérèse
420,Meevee,Le Port,79,EUR,2023-03-13,Hélène
421,Browseblab,Xuguang,30,CNY,2023-02-26,Aurélie
422,Fadeo,Svrljig,38,RSD,2023-08-17,Marlène
423,Topdrive,Hōjō,35,JPY,2022-12-14,Renée
424,Topiczoom,Luntas,19,IDR,2023-01-02,Örjan
425,Twitterbridge,Majiadu,28,CNY,2023-09-05,Danièle
426,Browsecat,Verkhniy Avzyan,6,RUB,2023-06-14,Thérèse
427,Photobug,Plavsk,70,RUB,2023-01-06,Rébecca
428,Realmix,Tāngāil,17,BDT,2023-07-10,Estée
429,Muxo,Sadkowice,20,PLN,2023-05-06,Aimée
430,Trunyx,Jawor,10,PLN,2023-06-28,Solène
431,Mybuzz,Chelles,33,EUR,2023-06-21,Josée
432,Gabcube,Passos,74,BRL,2022-12-18,Illustrée
433,Brightbean,Uzhhorod,66,UAH,2023-06-14,Garçon
434,Meezzy,Novyy Karachay,51,RUB,2023-08-21,Valérie
435,Realbridge,Geneng,47,IDR,2022-12-08,Cléopatre
436,Kayveo,Tsagaan-Owoo,48,MNT,2023-10-23,Noémie
437,Flipbug,Cakungsari,99,IDR,2023-10-08,Méryl
438,Trilith,Selnica,43,HRK,2022-12-07,Östen
439,Centizu,La Esperanza,43,COP,2023-02-11,Marlène
440,Aibox,Jinze,36,CNY,2023-03-31,Réjane
441,Blogtag,Mama,95,RUB,2022-12-30,Dafnée
442,Dabshots,Malhão,75,EUR,2023-01-19,Mégane
443,Jayo,Campaka,20,IDR,2023-01-24,Marie-noël
444,Oyondu,Mayuan,66,CNY,2023-05-09,Liè
445,Jetpulse,Ramat HaSharon,41,ILS,2023-06-20,Bénédicte
446,Mybuzz,Łobżenica,21,PLN,2023-07-15,Håkan
447,Yodel,Santo Rosario,80,PHP,2023-02-07,Pélagie
448,Skipfire,Putrajaya,52,MYR,2023-08-04,Wá
449,Devify,Rancaranji,31,IDR,2023-10-18,Méline
450,Riffwire,Huangascar,46,PEN,2023-10-02,Görel
451,Quimm,Bako,50,ETB,2023-10-25,Gérald
452,Jetwire,Eira da Pedra,34,EUR,2023-03-12,Eléa
453,Jaxspan,Postojna,36,EUR,2023-03-04,Erwéi
454,Topiczoom,Toksovo,13,RUB,2023-04-01,Aí
455,Tanoodle,Lille,1,EUR,2023-02-02,Dorothée
456,Zoonoodle,Valencia,39,PHP,2023-09-22,Mélissandre
457,Voolia,Oslo,96,NOK,2023-09-07,Maëlle
458,Digitube,Parnaíba,55,BRL,2023-05-17,Laurène
459,Jaxbean,Paris 08,64,EUR,2023-08-31,Aurélie
460,Cogilith,Axioúpoli,74,EUR,2023-08-02,Léonie
461,Topiclounge,Raemude,71,IDR,2023-04-09,Athéna
462,Eidel,Skorogoszcz,27,PLN,2023-06-03,Mylène
463,Demivee,Mongar,16,BTN,2023-05-09,Maïlys
464,Avamm,Salt Lake City,27,USD,2023-05-02,Daphnée
465,Photobug,Haixing,20,CNY,2023-08-28,Annotés
466,Rhyzio,Velille,76,PEN,2023-01-22,Marlène
467,Rhyzio,Luebo,70,CDF,2023-05-05,Célia
468,Oyondu,Lenningen,89,EUR,2023-10-05,Irène
469,Skipstorm,Villa Las Rosas,16,ARS,2023-06-26,Magdalène
470,Livetube,Peer,64,IDR,2023-06-30,Géraldine
471,Cogilith,Nahiyat Ghammas,33,IQD,2023-04-25,Annotée
472,Oba,Oslo,59,NOK,2023-10-08,Åslög
473,Reallinks,Nangang,66,CNY,2023-06-23,Björn
474,Blogspan,Santa Cecília,56,BRL,2023-03-03,Mélina
475,Aimbu,Njurunda,83,SEK,2023-11-22,Méryl
476,Zoomlounge,Ulanov,80,UAH,2023-05-05,Eliès
477,Digitube,Zhouxi,52,CNY,2023-03-17,Frédérique
478,Innotype,Catia La Mar,23,VEF,2023-08-13,Bécassine
479,Babbleblab,Miao’ergou,77,CNY,2023-04-04,Mégane
480,Mymm,Bela Vista,48,BRL,2023-06-18,Mélys
481,Youspan,Budapest,28,HUF,2023-05-13,Styrbjörn
482,Oyonder,Challas,40,PEN,2023-04-12,Måns
483,Wikivu,Vyšší Brod,31,CZK,2023-08-09,Gisèle
484,Jaxworks,Ballinroad,56,EUR,2023-01-22,Dafnée
485,Omba,Puerto Rico,77,ARS,2023-01-19,Kù
486,Yotz,Carayaó,33,PYG,2023-05-24,Dafnée
487,Dynabox,Arbois,99,EUR,2023-03-11,Clémentine
488,Nlounge,Besuki Dua,41,IDR,2023-11-19,Cécilia
489,Skilith,Buenos Aires,75,ARS,2023-09-05,Véronique
490,Rhynyx,Sergach,49,RUB,2023-08-17,Léandre
491,Zoovu,Fundong,23,XAF,2023-11-06,Léane
492,Skiba,Pont Cassé,18,XCD,2023-06-10,Naëlle
493,Einti,Bantarjati,21,IDR,2022-12-12,Léonie
494,Jabbersphere,Santa Fe de la Vera Cruz,19,ARS,2023-11-14,Dorothée
495,Jaxnation,Novo Cruzeiro,36,BRL,2023-01-09,Örjan
496,Katz,Kamárai,65,EUR,2023-04-04,Véronique
497,Feednation,Lunen,18,PHP,2022-12-29,Lóng
498,Jaxspan,Sande Vila Nova,85,EUR,2023-05-28,Mélina
499,Avamba,Orissaare,64,EUR,2023-07-31,Valérie
500,Meeveo,Sonsorol Village,21,USD,2023-08-04,Célestine
501,Devbug,Jishi,12,CNY,2022-12-13,Sélène
502,Skidoo,Rote,90,IDR,2023-04-16,Jú
503,Skiba,Łopuszno,26,PLN,2023-01-30,Méline
504,Mynte,Lewograran,55,IDR,2023-06-20,Desirée
505,Abatz,København,99,DKK,2023-09-08,Mélinda
506,Youtags,Salamwates,89,IDR,2022-12-26,Göran
507,Thoughtbridge,Samothráki,25,EUR,2023-04-26,Lèi
508,Abata,Klášter,64,CZK,2023-07-02,Marie-ève
509,Edgeify,Jinbi,6,CNY,2023-02-20,Laurélie
510,Voonder,Mencon,94,IDR,2023-05-03,Véronique
511,Fliptune,Ngulangan,96,IDR,2023-05-08,Mà
512,Skilith,Helin,97,CNY,2023-05-14,Lóng
513,Yodel,Oropesa,11,PEN,2023-03-22,Françoise
514,Brainlounge,Zushi,48,JPY,2022-12-15,Cloé
515,Photolist,Nūsay,23,AFN,2023-10-26,Torbjörn
516,Layo,Comé,60,XOF,2022-12-29,Edmée
517,Quire,Hohhot,39,CNY,2023-07-22,Kévina
518,Photospace,Sumberagung,55,IDR,2022-12-14,Börje
519,Dabfeed,Vaulx-en-Velin,1,EUR,2023-03-02,Régine
520,Quaxo,Horodok,21,UAH,2023-10-29,Chloé
521,Flashdog,Corrego Grande,100,BRL,2023-12-01,Bérénice
522,Zoombox,Seixal,49,EUR,2023-04-30,Aí
523,Dabvine,Sunjia Buzi,45,CNY,2023-07-28,Yénora
524,Rooxo,Volodarsk,64,RUB,2023-02-04,Mén
525,Youspan,Colonia Yguazú,22,PYG,2023-04-06,Gisèle
526,Divanoodle,Toila,2,EUR,2023-08-16,Mélys
527,Shufflester,Kenyau,34,IDR,2022-12-12,Célestine
528,Skilith,Zhetian,44,CNY,2023-06-02,Sòng
529,Kayveo,Consuelo,4,PHP,2023-11-30,Mélia
530,Kwideo,Las Palmas,53,MXN,2023-02-21,Maïlis
531,Oyoyo,Babakankadu,47,IDR,2023-01-28,Vénus
532,Gigaclub,Watangan,60,IDR,2023-03-08,Solène
533,Meetz,Lökbatan,23,AZN,2023-07-11,Danièle
534,Meedoo,Chenggang,31,CNY,2023-01-12,Eléa
535,Rhyloo,Dalun,84,CNY,2023-06-29,Björn
536,Gabtype,Al Mazra‘ah ash Sharqīyah,38,ILS,2023-06-05,Anaël
537,Npath,Puerto Princesa,52,PHP,2023-07-31,Bérengère
538,Skyba,Lixu,4,CNY,2023-02-23,Vénus
539,Voonte,San Alberto,61,COP,2023-02-12,Liè
540,Skinte,Greenland,99,BBD,2023-07-11,Yú
541,Topicstorm,Sigetec,58,HRK,2023-04-18,Yáo
542,Vimbo,Pindorama,69,BRL,2023-10-04,Kévina
543,Babbleblab,Housuo,66,CNY,2023-07-27,Françoise
544,Yotz,Jaboatão dos Guararapes,13,BRL,2023-11-27,Léa
545,Bubbletube,Xuhang,84,CNY,2023-03-04,Mà
546,Wikibox,Perené,82,PEN,2022-12-17,Loïca
547,Viva,Pinar del Río,1,CUP,2023-07-01,Kuí
548,Yoveo,Chwaszczyno,16,PLN,2023-09-10,Camélia
549,Wordify,Chujiang,19,CNY,2022-12-25,Bénédicte
550,Dabjam,Bayanbaraat,81,MNT,2023-08-30,Méng
551,Devify,Argentan,88,EUR,2023-09-18,Eléonore
552,Rhynyx,Zeqin,9,CNY,2023-06-10,Valérie
553,Trilith,Chating,87,CNY,2023-02-28,Amélie
554,Innojam,Cantagallo,18,COP,2023-08-02,Gösta
555,Viva,Mombasa,58,KES,2023-11-30,Eloïse
556,Abatz,Próchoma,12,EUR,2023-05-25,Faîtes
557,Youspan,Daduchuan,51,CNY,2023-08-15,Lóng
558,Oyoba,Calingcing,31,IDR,2023-11-25,Marlène
559,Babbleblab,Saint-Pierre,15,EUR,2023-03-15,Åslög
560,Buzzshare,Innisfil,5,CAD,2023-11-25,Nuó
561,Kaymbo,Nanjing,20,CNY,2023-02-22,Örjan
562,Linkbridge,Strasbourg,49,EUR,2023-02-16,Célestine
563,Vinte,Baitian,83,CNY,2023-03-31,Östen
564,Linkbridge,Barcelona,96,EUR,2023-10-24,Måns
565,Tavu,Famaillá,61,ARS,2023-11-09,Mahélie
566,Zooveo,Oefau,6,IDR,2023-08-11,Méryl
567,Centimia,Serzedo,67,EUR,2023-07-07,Rébecca
568,Browsetype,Provatás,89,EUR,2023-07-04,Adèle
569,Photobug,Sundsvall,73,SEK,2023-10-01,Håkan
570,Jatri,Bira,68,RUB,2023-11-14,Lài
571,Skiptube,Sychëvo,51,RUB,2023-04-03,Maëlla
572,Dabjam,Sasayama,33,JPY,2023-08-28,Táng
573,Talane,Magalalag,27,PHP,2023-08-06,Åsa
574,Shuffletag,Xingfu,68,CNY,2023-03-27,Mén
575,Zoomzone,Yangirabot,88,UZS,2023-08-19,Gaïa
576,Yoveo,Kizema,8,RUB,2023-04-02,Björn
577,InnoZ,Kap Choeng,61,THB,2023-05-09,Börje
578,Skivee,Wilmington,34,USD,2023-06-26,Béatrice
579,Skipstorm,San Agustín,11,HNL,2023-11-06,Gösta
580,Edgewire,Bisert’,57,RUB,2023-10-09,Stéphanie
581,Youfeed,Periyiáli,28,EUR,2023-04-12,Pò
582,Abata,Des Moines,3,USD,2023-08-22,Valérie
583,Fanoodle,Shuangnian,44,CNY,2022-12-22,Marie-thérèse
584,Photospace,Sotnikovskoye,77,RUB,2023-01-05,Håkan
585,Buzzdog,Shushenskoye,26,RUB,2023-08-28,Cécile
586,Youspan,Kotes,54,IDR,2023-08-14,Fèi
587,Browsebug,Carianos,75,BRL,2023-11-28,Aurélie
588,Eadel,Borzna,98,UAH,2023-04-29,Marie-hélène
589,Avamba,Kuala Lumpur,89,MYR,2023-12-01,Angèle
590,Roodel,Wolanów,48,PLN,2023-01-04,Renée
591,Blogtags,Lushikeng,82,CNY,2022-12-23,Stévina
592,Gabtune,Al Lagowa,40,SDG,2023-06-19,Kù
593,Twimbo,Antsohimbondrona,41,MGA,2023-03-14,Léonie
594,Tavu,San Rafael,19,PEN,2023-10-30,Josée
595,Fanoodle,Cabalaoangan,18,PHP,2023-03-10,Solène
596,Thoughtworks,Xiaheqing,73,CNY,2023-02-03,Publicité
597,Tazzy,Portela,30,EUR,2023-06-21,Maëlys
598,Gigaclub,Pirg,1,ALL,2023-08-09,Cléa
599,Flashdog,Oroin Xibe,10,CNY,2023-03-06,Zhì
600,Talane,Bukui,36,CNY,2023-11-03,Örjan
601,Topdrive,Samoljica,24,RSD,2023-09-18,Maëline
602,Brightdog,Isesaki,46,JPY,2023-03-17,Anaé
603,Youspan,Rameshki,1,RUB,2023-11-16,Maëline
604,Twinder,Chikeng,39,CNY,2023-07-06,Gérald
605,Zoozzy,Psará,19,EUR,2023-04-09,Marie-hélène
606,Jetpulse,Sidomulyo,12,IDR,2023-07-24,Estée
607,Brainsphere,Tembladera,10,PEN,2023-06-13,Loïs
608,Zoovu,Takahata,85,JPY,2023-11-03,Nadège
609,Youtags,Tabinay,99,PHP,2023-06-02,Cécile
610,Jaxworks,Tseel,52,MNT,2023-09-19,Maïlis
611,Voolia,Ol Kalou,10,KES,2023-03-16,Ruì
612,Jetwire,Dalong,27,IDR,2023-06-26,Mélia
613,Topicblab,Dasuk,40,IDR,2023-01-23,Yè
614,Tagtune,Tampa,35,USD,2023-06-27,André
615,Zoonder,Rybczewice,60,PLN,2023-11-02,Anaïs
616,Trudeo,Jiujie,29,CNY,2023-02-06,Marie-hélène
617,Yabox,Tianjiazhuang,1,CNY,2023-08-28,Táng
618,Zoomdog,Yongchang,86,CNY,2023-11-07,Miléna
619,Leenti,Puerto Aisén,64,CLP,2023-10-11,Marie-thérèse
620,Tagcat,Helsingborg,74,SEK,2023-02-15,Agnès
621,Feedfire,Landim,42,EUR,2023-08-02,Dorothée
622,Blogtags,Pining,75,IDR,2023-02-04,Chloé
623,Fivechat,Pirot,68,RSD,2023-06-01,Nélie
624,Mynte,Chenyang,15,CNY,2023-05-18,Noémie
625,Quaxo,Nîmes,56,EUR,2023-06-24,Torbjörn
626,Livepath,Tateyama,60,JPY,2023-11-15,Ophélie
627,Tambee,Luyi,4,CNY,2023-06-27,Annotés
628,Yakijo,Berlin,55,EUR,2023-07-07,Mélanie
629,Gigazoom,Kaizuka,49,JPY,2023-04-29,Mårten
630,Meevee,Lincheng,25,CNY,2023-11-03,Anaëlle
631,Tagtune,Zhubei,61,TWD,2023-03-24,Yè
632,Janyx,Placetas,42,CUP,2023-11-15,Cléopatre
633,Jayo,Esperanza,47,PHP,2023-07-17,Léa
634,Topicshots,Brzeźnica,24,PLN,2022-12-06,Ráo
635,Vimbo,Sukadana,50,IDR,2023-11-01,Anaëlle
636,Devshare,Ban Takhun,54,THB,2023-03-07,Maëlann
637,Dabshots,Cabanas,98,EUR,2023-07-30,Eloïse
638,Buzzster,Mamer,88,EUR,2023-10-28,Kù
639,Jayo,Chimtāl,82,AFN,2023-04-22,Åsa
640,Mymm,Beitan,50,CNY,2023-01-07,Edmée
641,Topicstorm,Chuqui Chuqui,84,BOB,2022-12-05,Göran
642,Talane,Carayaó,15,PYG,2022-12-14,Fèi
643,Realblab,Salakuray,10,IDR,2023-10-21,Andréanne
644,Skipfire,Kamyanyets,11,BYR,2023-08-26,Mylène
645,Blognation,Mmaaf,85,IDR,2022-12-26,Mélodie
646,Gigaclub,Jönköping,47,SEK,2023-05-11,Táng
647,Roodel,Cam Lộ,9,VND,2023-10-29,Mégane
648,Jabberstorm,Maruoka,9,JPY,2023-03-17,Dorothée
649,Eire,Jeponkrajan,19,IDR,2022-12-06,Zoé
650,Twitterbridge,Bisert’,11,RUB,2023-07-31,Aimée
651,Feedbug,Concordia,82,PEN,2023-02-24,Méthode
652,Fadeo,Skuhrov nad Bělou,41,CZK,2023-03-04,Illustrée
653,Fatz,Burayevo,20,RUB,2023-03-22,Magdalène
654,Topicblab,Cabugao,23,PHP,2023-11-12,Eléonore
655,Mynte,Hanjia,69,CNY,2023-09-01,Mélina
656,Meezzy,Daba,79,CNY,2023-07-26,Mårten
657,Flipopia,Wates,80,IDR,2023-04-07,Mà
658,Eadel,Kobylí,65,CZK,2023-08-13,Bérénice
659,Feednation,Lamía,48,EUR,2023-03-02,Börje
660,Photolist,Putun,29,IDR,2023-05-15,Marie-ève
661,Linkbridge,Lyubotyn,55,UAH,2022-12-05,Torbjörn
662,Twinder,Salgado,13,BRL,2023-06-09,Adèle
663,Leexo,Neglasari,12,IDR,2023-07-03,Océanne
664,Oloo,Lapa,91,BRL,2023-05-24,Táng
665,Aimbo,Castres,96,EUR,2023-09-30,Mahélie
666,Feedbug,Şabbūrah,63,SYP,2023-10-20,Rachèle
667,Yodo,Sihai,52,CNY,2023-08-11,Ruì
668,Blognation,Krasnaya Gorka,94,RUB,2023-03-31,Maëlyss
669,Skyvu,Esch-sur-Alzette,60,EUR,2023-02-28,Börje
670,Skibox,Bāgh-e Maīdān,33,AFN,2023-08-28,Fèi
671,Thoughtblab,Satun,79,THB,2023-05-23,Mélissandre
672,Brainbox,Beigao,48,CNY,2023-09-02,Mégane
673,Viva,Varadero,76,CUP,2023-05-08,Océanne
674,Browseblab,Pasirbitung,86,IDR,2023-03-22,Pélagie
675,Pixonyx,Huji,95,CNY,2023-10-01,Félicie
676,Kare,Gremyachinsk,51,RUB,2023-02-27,Dorothée
677,Dynabox,Awilega,31,IDR,2023-01-14,Marie-noël
678,Tagtune,Panognawan,64,PHP,2023-05-07,Ráo
679,Rhyloo,Mantar,74,IDR,2023-03-30,Dafnée
680,Twiyo,Foros de Salvaterra,75,EUR,2022-12-19,Laïla
681,Topdrive,Baluk,25,IDR,2023-10-28,Nélie
682,Edgeclub,Gresik,53,IDR,2023-10-26,Célestine
683,Gigashots,Nularan,61,IDR,2023-06-06,Célestine
684,Tagfeed,Alqueva,60,EUR,2023-07-13,Méryl
685,Skippad,Shatoujiao,14,CNY,2023-07-13,Mårten
686,Oloo,Jiekou,20,CNY,2023-08-26,Méghane
687,Zoovu,Rambouillet,34,EUR,2023-10-26,Camélia
688,Twimm,Tiling,84,PHP,2023-09-23,Yáo
689,Meetz,Gävle,12,SEK,2023-09-05,Réjane
690,Feedspan,Várzea Paulista,50,BRL,2023-09-23,Judicaël
691,Edgeify,Polazna,97,RUB,2023-03-25,Lèi
692,Twiyo,Santa Venera,54,EUR,2023-11-19,Océane
693,Dabshots,Vilhelmina,90,SEK,2023-03-22,Garçon
694,Divanoodle,Capitán Solari,31,ARS,2023-11-24,Yáo
695,Realcube,Bastia,60,EUR,2022-12-25,Cunégonde
696,Avamba,Brnaze,9,HRK,2022-12-11,Mélinda
697,Tazz,Capayán,1,ARS,2023-08-06,Gérald
698,Photolist,Tögrög,38,MNT,2023-01-21,Alizée
699,Nlounge,Altavista,65,MXN,2023-05-11,Léone
700,Yozio,Pora,3,IDR,2023-06-01,Nuó
701,Babbleset,Chư Sê,40,VND,2023-07-22,Mélina
702,Fivebridge,Matlang,25,PHP,2023-08-02,Célia
703,Youtags,Piranshahr,82,IRR,2023-08-04,Eugénie
704,Meeveo,Cosquín,67,ARS,2023-09-07,Inès
705,Flashdog,Xinyang,81,CNY,2022-12-15,Célestine
706,Jetpulse,Strážná,61,CZK,2023-07-31,Mélys
707,Topicshots,Kathmandu,93,NPR,2023-07-15,Gisèle
708,Eabox,Khao Khitchakut,34,THB,2023-03-19,Magdalène
709,Skinte,Qanliko’l,86,UZS,2022-12-08,Yénora
710,Tagtune,Trzcińsko Zdrój,36,PLN,2023-08-18,Naéva
711,Jazzy,Piranshahr,14,IRR,2023-10-16,Noémie
712,Gigaclub,Dachang,46,CNY,2023-08-09,Loïca
713,Realfire,Tabalosos,32,PEN,2023-10-18,Pål
714,Kare,Jilong,23,CNY,2023-01-08,Michèle
715,Camido,København,54,DKK,2023-09-17,Adélaïde
716,JumpXS,Al Qardāḩah,100,SYP,2023-03-03,Mårten
717,Twitterbridge,Busia,17,KES,2023-10-14,Vénus
718,Browsecat,Duncan,36,CAD,2023-01-26,Lorène
719,Ainyx,Franceville,75,XAF,2023-02-14,Adélaïde
720,Voonix,San Felipe,54,CRC,2023-04-04,Noëlla
721,Teklist,Odolena Voda,34,CZK,2023-11-01,Rachèle
722,Bubblebox,Opatovice nad Labem,37,CZK,2023-07-03,Athéna
723,Babbleblab,Conchal,69,BRL,2023-12-02,Kallisté
724,Kazu,Maxiao,84,CNY,2023-07-16,Léandre
725,Pixope,Partenit,91,UAH,2023-07-02,Andréa
726,Npath,Gunungtua,49,IDR,2022-12-28,Célestine
727,Skinder,Pirg,3,ALL,2023-10-01,André
728,Babblestorm,Markaz-e Ḩukūmat-e Darwēshān,51,AFN,2023-02-16,Torbjörn
729,Bubblebox,Baicaogou,60,CNY,2023-04-18,Nuó
730,Fatz,Burgos,39,PHP,2023-11-01,Clémence
731,Thoughtblab,Bogorejo,54,IDR,2023-11-12,Hélène
732,Camimbo,Ponte,8,EUR,2023-04-23,Méng
733,Rhynoodle,Glan,32,PHP,2023-01-29,Edmée
734,Gabcube,Palaió Fáliro,74,EUR,2023-11-07,Yáo
735,Skaboo,Ristinummi,91,EUR,2022-12-05,Océanne
736,Fatz,Uglovoye,96,RUB,2023-08-14,Simplifiés
737,Babbleopia,Samadua,5,IDR,2023-01-16,Zhì
738,Feedspan,Pierreville,39,CAD,2023-08-14,Marie-noël
739,Oyoba,Aberdeen,60,GBP,2023-07-04,Miléna
740,JumpXS,Łużna,76,PLN,2023-11-18,Maïwenn
741,Quimm,Åstorp,70,SEK,2023-05-14,Bénédicte
742,Cogidoo,Manadhoo,60,MVR,2023-08-22,Yè
743,Innotype,Lipci,51,EUR,2023-04-06,Mélina
744,Flipopia,Saint-Lambert-de-Lauzon,23,CAD,2023-06-11,Görel
745,Zoomzone,Torrevieja,89,EUR,2023-09-04,Hélène
746,Realcube,San Luis,54,MXN,2023-11-29,Mégane
747,Voonder,Jiuzhai,80,CNY,2023-02-06,Michèle
748,Voomm,Vodstroy,83,RUB,2023-09-28,Léane
749,Linkbuzz,Jiulongshan,34,CNY,2023-04-19,Mégane
750,Voonyx,Afogados da Ingazeira,23,BRL,2023-05-04,Ruò
751,Cogibox,Lom Sak,78,THB,2023-08-02,Pénélope
752,Ailane,Ujae,26,USD,2023-03-23,Maëline
753,Realmix,Dama,95,CNY,2023-11-12,Bérengère
754,Plajo,Qiongshan,66,CNY,2023-06-11,Bérangère
755,Yakijo,Shahbā,62,SYP,2023-01-04,Alizée
756,Pixope,Sindangsari,79,IDR,2023-01-22,Maïwenn
757,Rooxo,Kiukasen,87,IDR,2023-04-14,Joséphine
758,Photobug,Carson City,62,USD,2023-11-14,Rachèle
759,Trupe,Narutochō-mitsuishi,65,JPY,2023-09-05,Lài
760,Wordware,Al Ḩāmūl,100,EGP,2022-12-19,Maëlle
761,Eabox,Changuinola,24,PAB,2023-11-30,Mélia
762,Yakidoo,Titao,87,XOF,2023-01-25,Mélinda
763,Jabbersphere,Firmat,3,ARS,2023-08-24,Clémence
764,Thoughtmix,Youcheng,2,CNY,2023-05-19,Kévina
765,Zoomzone,Rosebank,99,ZAR,2023-10-08,Marylène
766,Tagtune,Moerewa,65,NZD,2023-07-24,Intéressant
767,Blogtag,Colorado,18,BRL,2023-11-11,Séverine
768,Kwideo,Fucheng,3,CNY,2023-05-07,Andrée
769,Edgeblab,Karantaba,49,GMD,2023-05-02,Maëlla
770,Fiveclub,Yanji,28,CNY,2023-05-30,Nélie
771,BlogXS,Mollepampa,75,PEN,2023-03-21,Sòng
772,Dynabox,Namangan,87,UZS,2023-05-18,André
773,Yakijo,Shuangxiqiao,17,CNY,2023-01-11,Angélique
774,Browsedrive,Gwadabawa,66,NGN,2023-05-28,Thérèse
775,Youtags,Santa Ana,85,PHP,2023-02-18,Cécilia
776,Tavu,Józefosław,20,PLN,2023-06-17,Gwenaëlle
777,Demizz,Khao Yoi,11,THB,2023-02-06,Yáo
778,Minyx,Áno Sýros,96,EUR,2023-07-13,Anaëlle
779,Buzzdog,Opi,70,NGN,2023-08-14,Tú
780,LiveZ,El Suyatal,36,HNL,2022-12-28,Lucrèce
781,Kazio,Jasaan,70,PHP,2023-08-20,Esbjörn
782,Meedoo,Beiqijia,70,CNY,2023-10-05,Renée
783,Kwideo,Abhar,59,IRR,2023-05-25,Marie-noël
784,Thoughtbridge,Kristinehamn,12,SEK,2023-07-15,Mahélie
785,Voolith,Al Maḩfid,25,YER,2023-01-18,Valérie
786,Blogtags,Caujul,46,PEN,2023-08-04,Lén
787,Babbleset,Luuka Town,95,UGX,2023-01-18,Géraldine
788,Devpoint,Podujeva,95,EUR,2022-12-31,Cloé
789,Edgetag,Jiantian,31,CNY,2023-05-12,Bécassine
790,Meedoo,Limenária,71,EUR,2023-10-07,Géraldine
791,Bubbletube,Orlando,12,USD,2023-05-02,Andrée
792,Skyndu,Mazongling,66,CNY,2023-11-06,Noémie
793,Youfeed,Huaxijie,50,CNY,2022-12-08,Bécassine
794,Realpoint,Agogo,91,GHS,2023-05-10,Andréa
795,JumpXS,Xiaoshiqiao,41,CNY,2023-02-22,Pål
796,Eimbee,Hou’an,72,CNY,2023-05-23,Mårten
797,Skajo,Belford Roxo,99,BRL,2022-12-24,Adèle
798,Skyba,Toki,98,JPY,2023-10-17,Görel
799,Topiclounge,Ed,11,SEK,2023-05-09,Mylène
800,Buzzbean,Borehbangle,27,IDR,2023-08-29,Loïc
801,Jabbertype,Sahline,43,TND,2023-05-04,Andrée
802,Trilia,Suyang,82,CNY,2023-03-04,Lorène
803,Jabbertype,Shuishi,89,CNY,2023-07-22,Yú
804,Divanoodle,Bukowiec,14,PLN,2023-10-04,Börje
805,Quatz,Flórina,73,EUR,2023-01-23,Renée
806,Tambee,Baidian,1,CNY,2023-08-07,Léonie
807,Eare,Barranca de Upía,99,COP,2023-11-15,Géraldine
808,Zoovu,Duyun,65,CNY,2023-09-22,Océanne
809,Wikido,Zambujal,60,EUR,2022-12-25,Andréa
810,Quatz,Al ‘Awjah,57,IQD,2023-08-20,Maëlann
811,Plajo,Chervonoarmiys’k,87,UAH,2023-07-09,Réjane
812,Wordware,Mamburao,49,PHP,2023-03-05,Nuó
813,Feedfish,Alcoutim,81,EUR,2023-06-10,Michèle
814,Yacero,Dhromolaxia,44,EUR,2023-08-18,Cunégonde
815,Quamba,Géfyra,80,EUR,2023-06-23,Åsa
816,Yodo,Mosetse,22,BWP,2023-05-12,Géraldine
817,Youspan,Kompaniyivka,21,UAH,2023-02-21,Lóng
818,Mydeo,Bwizibwera,13,UGX,2022-12-30,Esbjörn
819,Flipbug,Marcos Juárez,3,ARS,2023-09-17,Rébecca
820,Plajo,Maardu,70,EUR,2023-11-19,Görel
821,Skinte,Minamata,98,JPY,2023-02-02,Uò
822,Youbridge,Caeté,99,BRL,2023-11-19,Célestine
823,Avaveo,Camino Real,17,MXN,2023-03-15,Célia
824,Photobug,Barreiro,84,EUR,2023-05-30,Mélys
825,Thoughtstorm,Kemang,86,IDR,2023-04-01,Gösta
826,Browsebug,Nanbin,93,CNY,2023-02-22,Måns
827,Ailane,Maxixe,46,MZN,2023-06-17,Görel
828,Realbuzz,Baixo Guandu,18,BRL,2023-04-10,Andréa
829,Dynazzy,Irvine,24,USD,2023-02-13,Intéressant
830,Realpoint,Dayingjie,16,CNY,2023-06-16,Åke
831,Tavu,Winong,32,IDR,2023-07-27,Maëly
832,Oloo,Povenets,15,RUB,2023-01-05,Maïlis
833,Gigaclub,Lubei,20,CNY,2023-08-02,Maëly
834,Thoughtbridge,Sergelen,58,MNT,2023-02-12,Marie-noël
835,Browsecat,Ivanovo-Alekseyevka,48,KGS,2023-01-15,Cléopatre
836,Meezzy,Pacaraos,46,PEN,2023-06-07,Illustrée
837,Tambee,Columbia,92,USD,2023-08-03,Geneviève
838,Livefish,Mataya,69,PHP,2022-12-12,Léana
839,Lazz,Pagelaran,20,IDR,2023-02-22,Mélys
840,Fanoodle,Qiawan,51,CNY,2023-11-12,Séréna
841,Tekfly,Tochio-honchō,99,JPY,2023-05-01,Valérie
842,Ozu,Isnos,35,COP,2023-06-03,Salomé
843,Skibox,Becerril,22,PHP,2023-07-24,Håkan
844,Aivee,Tran,43,PHP,2022-12-13,Bérangère
845,Ainyx,Dingdian,40,CNY,2023-10-09,Mélinda
846,Myworks,Haenam,93,KRW,2023-02-06,Björn
847,Kayveo,Stalbe,16,EUR,2023-08-28,Pénélope
848,Vinder,Shuanghe,7,CNY,2023-12-02,Vénus
849,Oloo,Tonggakjati,55,IDR,2023-10-19,Stévina
850,Layo,Juwana,97,IDR,2023-04-05,Camélia
851,Eayo,Caraguatatuba,63,BRL,2023-09-13,Maëlle
852,Livepath,Guohuan,4,CNY,2023-06-18,Tán
853,Brightbean,Vykhino-Zhulebino,98,RUB,2023-01-27,Anaël
854,Oyondu,Vista Alegre,36,EUR,2023-08-01,Marie-ève
855,Yodoo,Markušica,47,HRK,2023-08-27,Géraldine
856,Meevee,San Pedro,38,MXN,2023-10-31,Lài
857,Jabbersphere,Nilópolis,47,BRL,2023-11-02,Océanne
858,Jayo,Usu,99,CNY,2023-09-21,Séréna
859,Reallinks,Miribanteng,89,IDR,2023-08-21,Clélia
860,Oyonder,Nogueira,22,EUR,2023-10-07,Björn
861,Teklist,Kohāt,17,PKR,2023-03-15,Léana
862,Aivee,Yuguan,21,CNY,2023-10-23,Stévina
863,Centidel,Kajatian,49,PHP,2023-04-17,Vérane
864,Babbleopia,Wangkung,44,IDR,2022-12-22,Göran
865,Kwideo,Rajapeni,70,IDR,2023-03-05,Hélèna
866,Blogspan,Orly aérogare,19,EUR,2023-09-11,Thérèse
867,Meeveo,Komyshany,60,UAH,2023-07-27,Anaëlle
868,Eidel,Crato,19,BRL,2023-06-02,Véronique
869,Jaxnation,Dresden,99,EUR,2023-03-28,Bérengère
870,Topiczoom,Evansville,47,USD,2023-01-26,Kuí
871,Riffpath,Tlumačov,61,CZK,2023-04-02,Maëlann
872,Eazzy,Farranacoush,11,EUR,2023-09-08,Maëline
873,Pixope,Sausa,83,PEN,2023-08-09,Eléonore
874,Fivespan,Lianovérgi,91,EUR,2023-09-19,Marie-ève
875,Tagtune,Cikayas,23,IDR,2023-10-07,Nélie
876,BlogXS,Tignapalan,21,PHP,2023-01-04,Lén
877,Feedspan,Pyrgetós,58,EUR,2023-01-12,Zoé
878,Dynava,Muara,82,IDR,2023-02-22,Camélia
879,Myworks,Poroshkovo,93,UAH,2023-11-25,Hélèna
880,Plambee,Paulba,91,PHP,2023-03-14,Börje
881,Babblestorm,Thaon-les-Vosges,92,EUR,2023-05-08,Valérie
882,Agimba,Linköping,4,SEK,2023-10-09,Yè
883,Aivee,El Paso,94,USD,2023-04-19,Médiamass
884,Quimba,Leigu,100,CNY,2023-11-05,Maïlis
885,Jabbersphere,Fenyan,2,CNY,2023-03-05,Håkan
886,Skalith,Baoquanshan,25,CNY,2023-10-24,Styrbjörn
887,Skyba,Sundbyberg,41,SEK,2023-06-14,Séréna
888,Cogilith,Guintubhan,8,PHP,2023-08-13,Lorène
889,Feednation,Batawa,10,IDR,2023-11-17,Adèle
890,Yotz,Vinhedo,39,BRL,2023-06-16,Félicie
891,Voomm,Puerto Esperanza,51,ARS,2023-10-02,Lyséa
892,Brightdog,Bundibugyo,93,UGX,2023-07-03,Françoise
893,Bluezoom,Los Andes,61,COP,2023-02-25,Léone
894,Browsedrive,Clisson,72,EUR,2023-10-14,Loïc
895,Divanoodle,Fengniancun,41,CNY,2023-01-13,Cloé
896,Voolia,Pujijie,72,CNY,2023-11-18,Maëline
897,Jetwire,Tejen,34,TMT,2023-09-18,Styrbjörn
898,Aivee,Tegalbuleud,2,IDR,2023-05-01,Laïla
899,Yodo,Tangkanpulit,85,IDR,2023-07-19,Östen
900,Npath,Oroin Xibe,58,CNY,2023-03-01,Félicie
901,Shuffletag,Gwoźnica Górna,61,PLN,2023-05-04,Ruò
902,Youspan,New York City,90,USD,2023-05-25,Laïla
903,Latz,Nakonde,6,ZMW,2023-11-02,Stévina
904,Twitterlist,Chita,61,RUB,2023-07-13,Styrbjörn
905,Kamba,Sangke,18,CNY,2023-02-06,Méline
906,Izio,Winong,79,IDR,2023-09-20,Mélodie
907,Thoughtstorm,Shijia,14,CNY,2023-09-14,Estève
908,Feedspan,Nangka,31,PHP,2023-08-24,Vénus
909,Topicstorm,Drammen,90,NOK,2023-10-26,Pénélope
910,Voonix,Sabana de Parra,52,VEF,2023-08-15,Nadège
911,Kamba,Cielądz,84,PLN,2023-08-26,Mégane
912,Layo,Itacorubi,4,BRL,2023-09-02,Léa
913,Livetube,Jielong,96,CNY,2023-08-19,Méng
914,Feedmix,Ma’an,91,CNY,2023-07-01,Adélie
915,Eayo,Rosa Zarate,12,USD,2023-07-13,Amélie
916,Feedfire,Sokolac,57,BAM,2023-12-02,Geneviève
917,Photobug,Quime,77,BOB,2023-03-13,Yóu
918,Oyope,Bograd,58,RUB,2023-09-03,Tú
919,Twimbo,Lyon,3,EUR,2023-02-26,Sòng
920,Quimm,Kokkári,86,EUR,2023-07-19,Naëlle
921,Fadeo,Huangjindong,30,CNY,2023-01-31,Åke
922,Realcube,Koni-Djodjo,41,KMF,2023-05-14,Loïs
923,Thoughtblab,Columbus,7,USD,2023-04-12,Vénus
924,Devify,Aleksandrovac,44,RSD,2023-02-27,Joséphine
925,Feedspan,Quxi,76,CNY,2023-07-12,Maëlla
926,Skajo,Sokol’skoye,4,RUB,2023-10-30,Camélia
927,Midel,Rushanzhai,28,CNY,2023-03-12,Miléna
928,Thoughtworks,Longxing,40,CNY,2023-08-07,Desirée
929,Eimbee,Tianxingchang,72,CNY,2023-10-05,Estève
930,Eayo,Nora,57,SEK,2023-06-06,Maëlla
931,Feednation,Santa Cruz,71,PHP,2023-03-19,Almérinda
932,Abatz,São João del Rei,30,BRL,2023-01-06,Maëlla
933,Voomm,Hezheng Chengguanzhen,22,CNY,2023-03-22,Maëlle
934,Zooxo,Amboasary,20,MGA,2022-12-20,Maëlyss
935,Flipopia,Dobroměřice,3,CZK,2023-05-20,Gisèle
936,Roombo,Chambara,66,PEN,2023-03-29,Erwéi
937,Divape,Mojoagung,91,IDR,2023-07-31,Annotée
938,Linkbuzz,La Cruz,43,CRC,2023-10-03,Léonore
939,Wikivu,Moholm,10,SEK,2023-04-11,Maïlys
940,Yakidoo,Düsseldorf,93,EUR,2023-03-16,Céline
941,Gabvine,Pampachiri,73,PEN,2023-02-22,Laurène
942,Skilith,Guanba,41,CNY,2023-06-06,Adélie
943,Kare,La Paz Centro,11,NIO,2023-06-24,Yénora
944,Gabtune,El Ángel,12,USD,2023-02-20,Nélie
945,Skajo,Kidričevo,79,EUR,2023-03-21,Måns
946,Yamia,Svalöv,58,SEK,2023-09-17,Renée
947,Devcast,Xiangshun,36,CNY,2023-03-13,Thérèsa
948,Leexo,Pirallahı,95,AZN,2023-11-01,Pénélope
949,Fadeo,Lanús,9,ARS,2023-10-01,Fèi
950,Youopia,Pocohuanca,12,PEN,2023-04-27,Dà
951,Vidoo,Murcki,34,PLN,2023-08-15,Mårten
952,Thoughtworks,Perreng,84,IDR,2023-10-22,Dorothée
953,Shuffledrive,Thị Trấn Quảng Uyên,42,VND,2023-02-11,Audréanne
954,Oyonder,Kazuno,78,JPY,2023-01-30,Maïwenn
955,Gigazoom,Aracaju,42,BRL,2023-05-27,Maïlis
956,Skalith,Oslo,44,NOK,2023-04-20,Yè
957,Divanoodle,Pinara,38,IDR,2023-10-20,Mélys
958,Brainlounge,Lamu,53,KES,2022-12-08,Marylène
959,Dabshots,Hyères,84,EUR,2023-04-18,Torbjörn
960,Dynabox,Kuala Terengganu,82,MYR,2023-06-07,Eliès
961,Bubblemix,Shiroi,84,JPY,2023-02-15,Inès
962,Edgewire,Guia,84,EUR,2023-07-29,Clélia
963,Skilith,Sankera,58,NGN,2023-01-26,Anaëlle
964,Thoughtmix,San Isidro,29,MXN,2023-01-10,Pélagie
965,Shuffledrive,Llazicë,59,EUR,2023-04-25,Maëlle
966,Jabbercube,Guayabal de Síquima,15,COP,2022-12-07,Maïwenn
967,Devbug,Dongzha,11,CNY,2023-08-18,Zoé
968,Skalith,Sobral da Adiça,51,EUR,2023-05-09,Mahélie
969,Feedfire,Nyūzen,71,JPY,2023-07-05,Annotée
970,Quaxo,Aime,28,EUR,2022-12-08,Clémentine
971,Dynazzy,Wassu,69,GMD,2023-03-14,Gaëlle
972,Browseblab,Puerto Madryn,25,ARS,2023-03-23,Géraldine
973,Yombu,Onzaga,56,COP,2023-10-03,Béatrice
974,Realbridge,Āgaro,85,ETB,2022-12-21,Lucrèce
975,Photospace,Erdaobaihe,95,CNY,2023-02-28,Réjane
976,Divape,Borlänge,85,SEK,2023-01-11,Méthode
977,Meejo,Dhuusamarreeb,33,SOS,2023-05-22,Aloïs
978,Oyoloo,Fastiv,42,UAH,2022-12-29,Gaïa
979,Jaxspan,Kotlas,90,RUB,2023-03-30,Clélia
980,Dynabox,Yimamu,69,CNY,2023-09-12,Marie-françoise
981,Skyvu,Rio Branco,82,BRL,2023-04-13,Göran
982,Thoughtstorm,Ríohacha,80,COP,2023-06-15,Sòng
983,Zoonoodle,Shahrak-e Bākharz,73,IRR,2023-05-15,Görel
984,Eare,Mangge,41,IDR,2023-11-16,Inès
985,Realbridge,Glasgow,75,GBP,2023-04-10,Tán
986,Livefish,Andrijevica,42,EUR,2023-04-14,Athéna
987,Mydo,Sumberjo,92,IDR,2023-10-16,Åslög
988,Skippad,Sohag,48,EGP,2023-03-26,Irène
989,Skivee,Monte Santo de Minas,58,BRL,2023-01-27,Cinéma
990,Yoveo,Nakhon Luang,17,THB,2023-05-12,Annotés
991,Jatri,Boyeros,3,CUP,2023-03-23,Séréna
992,Photobean,Sumberkertokrajan,64,IDR,2023-07-21,Geneviève
993,Tagfeed,Nikolayevsk,65,RUB,2023-10-09,Irène
994,Babbleblab,Sambilawang,97,IDR,2023-08-23,Hélèna
995,Quire,Ebute Ikorodu,49,NGN,2023-04-23,Börje
996,Aimbu,La Paz,76,COP,2023-07-25,Publicité
997,Avavee,Ziguinchor,66,XOF,2023-02-13,Aloïs
998,Mynte,Cajacay,79,PEN,2023-10-22,Crééz
999,Buzzshare,Senahú,11,GTQ,2023-01-22,Gwenaëlle
1000,Topicblab,Misau,60,NGN,2023-08-15,Maïwenn
